,Titles,Prices,Locations
0,Womens Arcteryx XS Jacket,$20.00,"Lehi, UT"
1,Arcteryx Side Winder Size LARGE $500 OBO,$500.00,"Millcreek, UT"
2,Arcteryx Long Sleeve Button Size Small,$25.00,"Draper, UT"
3,Men’s Arc'teryx Sabre AR Pants Arcteryx,$280.00,"Salt Lake City, UT"
4,Men’s Arc'teryx Sabre AR Pants Arcteryx,$280.00,"Salt Lake City, UT"
5,Men’s Arc'teryx Sabre AR Pants Arcteryx,$280.00,"Salt Lake City, UT"
6,Men’s Arc'teryx Sabre AR Pants Arcteryx,$280.00,"Salt Lake City, UT"
7,Men’s Arc'teryx Sabre AR Pants Arcteryx,$280.00,"Salt Lake City, UT"
8,Men’s Arc'teryx Sabre AR Pants Arcteryx,$280.00,"Salt Lake City, UT"
9,Men’s Arc'teryx Sabre AR Pants Arcteryx,$280.00,"Salt Lake City, UT"
10,Men’s Arc'teryx Sabre AR Pants Arcteryx,$280.00,"Salt Lake City, UT"
11,Men’s Arc'teryx Sabre AR Pants Arcteryx,$280.00,"Salt Lake City, UT"
12,Men’s Arc'teryx Sabre AR Pants Arcteryx,$280.00,"Salt Lake City, UT"
13,Men’s Arc'teryx Sabre AR Pants Arcteryx,$280.00,"Salt Lake City, UT"
14,Men’s Arc'teryx Sabre AR Pants Arcteryx,$280.00,"Salt Lake City, UT"
15,Men’s Arc'teryx Sabre AR Pants Arcteryx,$280.00,"Salt Lake City, UT"
16,Men’s Arc'teryx Sabre AR Pants Arcteryx,$280.00,"Salt Lake City, UT"
17,Men’s Arc'teryx Sabre AR Pants Arcteryx,$280.00,"Salt Lake City, UT"
18,Men’s Arc'teryx Sabre AR Pants Arcteryx,$280.00,"Salt Lake City, UT"
19,Men’s Arc'teryx Sabre AR Pants Arcteryx,$280.00,"Salt Lake City, UT"
20,Men’s Arc'teryx Sabre AR Pants Arcteryx,$280.00,"Salt Lake City, UT"
21,Men’s Arc'teryx Sabre AR Pants Arcteryx,$280.00,"Salt Lake City, UT"
22,Men’s Arc'teryx Sabre AR Pants Arcteryx,$280.00,"Salt Lake City, UT"
23,Men’s Arc'teryx Sabre AR Pants Arcteryx,$280.00,"Salt Lake City, UT"
24,Men’s Arc'teryx Sabre AR Pants Arcteryx,$280.00,"Salt Lake City, UT"
25,Men’s Arc'teryx Sabre AR Pants Arcteryx,$280.00,"Salt Lake City, UT"
26,Men’s Arc'teryx Sabre AR Pants Arcteryx,$280.00,"Salt Lake City, UT"
27,Men’s Arc'teryx Sabre AR Pants Arcteryx,$280.00,"Salt Lake City, UT"
28,Men’s Arc'teryx Sabre AR Pants Arcteryx,$280.00,"Salt Lake City, UT"
29,Men’s Arc'teryx Sabre AR Pants Arcteryx,$280.00,"Salt Lake City, UT"
30,Men’s Arc'teryx Sabre AR Pants Arcteryx,$280.00,"Salt Lake City, UT"
31,Men’s Arc'teryx Sabre AR Pants Arcteryx,$280.00,"Salt Lake City, UT"
32,Men’s Arc'teryx Sabre AR Pants Arcteryx,$280.00,"Salt Lake City, UT"
33,Men’s Arc'teryx Sabre AR Pants Arcteryx,$280.00,"Salt Lake City, UT"
34,Men’s Arc'teryx Sabre AR Pants Arcteryx,$280.00,"Salt Lake City, UT"
35,"Arcteryx , Kuhl, North Face Clothes",$35.00,"Layton, UT"
36,"Arcteryx, Kuhl, North Face Clothes Will Deliver",$25.00,"Layton, UT"
37,New Arcteryx Patera Parka XL,$500.00,"Salt Lake City, UT"
38,Women's Arcteryx Backpack: Bora 75,$120.00,"Salt Lake City, UT"
39,Arcteryx Women's Gore-Tex Shell,$80.00,"Salt Lake City, UT"
40,ArcTeryx Alpha AR,$300.00,"Lehi, UT"
41,Arcteryx Venta MX Hoody Jacket; Size XL,$360.00,"Draper, UT"
42,"Arcteryx Sabre Pant Gore Tex, Men's Large Like New Condition, Carbon Copy, Ski Snowboard Pant",$360.00,"Draper, UT"
43,Arcteryx gortex shell,$300.00,"Ogden, UT"
44,Women’s Arcteryx Pants Size 8,$185.00,"Brigham City, UT"
45,Arcteryx Gryson Shirt LS Men's Flannel Sz Small,$60.00,"Park City, UT"
46,Arcteryx Softshell Jacket,$60.00,"Salt Lake City, UT"
47,Arcteryx Atom Lt Size Large Womens,$120.00,"Millcreek, UT"
48,Arcteryx Acrux FL Womens 7.5 NEW,$80.00,"Nibley, UT"
49,Arcteryx Ski Pants,$299.00,"Salt Lake City, UT"
50,ARCTERYX,$60.00,"Ogden, UT"
51,"Arcteryx Beta AR Pants Men's (M, Black)",$325.00,"Nibley, UT"
